"","Journal","IsDafnee"
"1","Acarologia","ok"
"2","Acta Adriatica","ok"
"3","Acta Amazonica","ok"
"4","Acta Archaeologica","no"
"5","Acta Botanica Brasilica","ok"
"6","Acta Botanica Gallica","ok"
"7","Acta Chiropterologica","ok"
"8","Acta Ethologica","no"
"9","Acta Herpetologica","ok"
"10","Acta Oecologica","no"
"11","Acta Ornithologica","ok"
"12","Acta Palaeobotanica","ok"
"13","Acta Palaeontologica Polonica","ok"
"14","Acta Parasitologica","ok"
"15","Acta Tropica","no"
"16","Adansonia","ok"
"17","ADLFI. Archeologie de la France - Informations","ok"
"18","Advances in Archaeological Practice","ok"
"19","Advances in Ecological Research","no"
"20","Advances in Parasitology","no"
"21","Aeolian Research","ok"
"22","African Archaeological Review","no"
"23","African Entomology","ok"
"24","African Invertebrates","ok"
"25","African Journal of Aquatic Science","ok"
"26","African Journal of Ecology","ok"
"27","African Journal of Range & Forage Science","ok"
"28","African Journal of Wildlife Research","ok"
"29","African Zoology","ok"
"30","Agriculture","no"
"31","Agriculture and Human Values","ok"
"32","Agriculture and Natural Resources","ok"
"33","Agronomy","no"
"34","Agronomy for Sustainable Development","ok"
"35","Agypten und Levante","ok"
"36","Alcheringa","ok"
"37","Algorithmica","no"
"38","Algorithms for Molecular Biology","no"
"39","Alpine and Mediterranean Quaternary","ok"
"40","Alpine Botany","ok"
"41","Alpine Entomology","ok"
"42","Alzheimer's & Dementia","ok"
"43","Ambio","ok"
"44","Ameghiniana","ok"
"45","American Antiquity","ok"
"46","American Fern Journal","ok"
"47","American Historical Review","ok"
"48","American Journal of Archaeology","ok"
"49","American Journal of Biological Anthropology","ok"
"50","American Journal of Botany","ok"
"51","American Journal of Human Biology","ok"
"52","American Journal of Physical Anthropology","ok"
"53","American Journal of Primatology","ok"
"54","American Journal of Tropical Medicine and Hygiene","ok"
"55","American Malacological Bulletin","ok"
"56","American Museum Novitates","ok"
"57","American Naturalist","ok"
"58","Amphibia-Reptilia","ok"
"59","Anais da Academia Brasileira de Ciencias","ok"
"60","Anatolian Studies","ok"
"61","Anatolica","ok"
"62","Anatomical Record","ok"
"63","Ancient Near Eastern Studies","no"
"64","Ancient Society","ok"
"65","Andean Geology","ok"
"66","Animal","ok"
"67","Animal Behaviour","ok"
"68","Animal Biodiversity and Conservation","ok"
"69","Animal Cognition","no"
"70","Animal Conservation","ok"
"71","Animal Microbiome","no"
"72","Animals","no"
"73","Annales Botanici Fennici","ok"
"74","Annales de la Societe Entomologique de France","ok"
"75","Annales de Paleontologie","no"
"76","Annales Zoologici","ok"
"77","Annales Zoologici Fennici","ok"
"78","Annals of Anatomy - Anatomischer Anzeiger","ok"
"79","Annals of Botany","ok"
"80","Annals of Forest Science","ok"
"81","Annals of the Entomological Society of America","ok"
"82","Annals of the New York Academy of Sciences","ok"
"83","Annual of the British School at Athens","ok"
"84","Annual Review of Animal Biosciences","ok"
"85","Annual Review of Ecology Evolution and Systematics","ok"
"86","Annual Review of Entomology","ok"
"87","Annual Review of Genetics","ok"
"88","Annual Review of Genomics and Human Genetics","ok"
"89","Annual Review of Marine Science","ok"
"90","Antarctic Science","no"
"91","Anthropocene","no"
"92","Anthropologica et Praehistorica","ok"
"93","Anthropologie","no"
"94","Anthropologischer Anzeiger","no"
"95","Anthropozoologica","ok"
"96","Antibiotics","no"
"97","Antimicrobial Agents and Chemotherapy","ok"
"98","Antipoda. Revista de Antropologia y Arqueologia","ok"
"99","Antiquity","ok"
"100","AOB Plants","ok"
"101","Applications in Plant Sciences","ok"
"102","Applied Animal Behaviour Science","no"
"103","Applied Biochemistry and Biotechnology","no"
"104","Applied Soil Ecology","no"
"105","Applied Vegetation Science","ok"
"106","Aquaculture","no"
"107","Aquaculture Environment Interactions","no"
"108","Aquaculture International","ok"
"109","Aquaculture Nutrition","ok"
"110","Aquaculture Reports","no"
"111","Aquaculture Research","no"
"112","Aquatic Botany","no"
"113","Aquatic Conservation: Marine and Freshwater Ecosystems","no"
"114","Aquatic Ecology","no"
"115","Aquatic Ecosystem Health & Management","ok"
"116","Aquatic Living Resources","ok"
"117","Aquatic Toxicology","no"
"118","Arabian Archaeology and Epigraphy","no"
"119","Arachnology","ok"
"120","Archaeofauna","ok"
"121","Archaeological and Anthropological Sciences","no"
"122","Archaeological Dialogues","no"
"123","Archaeological Prospections","no"
"124","Archaeological Research in Asia","no"
"125","Archaeology Ethnology and Anthropology of Eurasia","ok"
"126","Archaeology in Oceania","no"
"127","Archaeometry","ok"
"128","Archaologische Informationen","ok"
"129","Archeologia e Calcolatori","ok"
"130","Archeological Journal","ok"
"131","Archeologicke Rozhledy","ok"
"132","Archéologie","no"
"133","Archeopages","ok"
"134","ArcheoScience - Revue d'archeometrie","ok"
"135","Architectural Histories","ok"
"136","Archives of Oral Biology","no"
"137","Archives of Sexual Behavior","ok"
"138","Archivo Espanol de Arqueologia","ok"
"139","Ardea","ok"
"140","Ardeola","ok"
"141","Arqueologia","ok"
"142","Arthropod Systematics and Phylogeny","ok"
"143","Arxius de Miscel-Lania Zoologica","ok"
"144","arxiv","no"
"145","Asian Bioethics Review","no"
"146","Asian Journal of Soil Science and Plant Nutrition","no"
"147","Asian Pacific Journal of Tropical Disease","no"
"148","Asian Pacific Journal of Tropical Medicine","ok"
"149","Asian Perspectives","ok"
"150","Asymptotic Analysis","no"
"151","Austral Ecology","ok"
"152","Australian Archaeology","ok"
"153","Australian Journal of Zoology","ok"
"154","Australian Systematic Botany","ok"
"155","Autophagy","no"
"156","Azania: Archaeological Research in Africa ","no"
"157","Bangladesh Journal of Zoology","ok"
"158","Basic and Applied Ecology","ok"
"159","Basin Research","ok"
"160","BEADS: Journal of the Society of Bead Researchers","ok"
"161","Bee World","ok"
"162","Behavioral and Brain Sciences","no"
"163","Behavioral Ecology","ok"
"164","Behavioral Ecology and Sociobiology","no"
"165","Behavior Genetics","ok"
"166","Behaviour","no"
"167","Belgian Journal of Zoology","ok"
"168","Bioarchaeology International","no"
"169","bioarxiv","no"
"170","Biodiversity and Conservation","no"
"171","Biodiversity Data Journal","no"
"172","Biodiversity Information Science and Standards","ok"
"173","BioEssays","no"
"174","Biofutur","no"
"175","Biogeographia","ok"
"176","Biogeosciences","ok"
"177","Bioinformatics","ok"
"178","Bioinformatics Advances","ok"
"179","Biological Conservation","no"
"180","Biological Invasions","no"
"181","Biological Journal of the Linnean Society","ok"
"182","Biological Reviews","ok"
"183","Biologie Aujourd'hui","no"
"184","Biology","no"
"185","Biology and Fertility of Soils","no"
"186","Biology and Philosophy","no"
"187","Biology Letters","ok"
"188","Biology Methods and Protocols","no"
"189","Biology Open","ok"
"190","BioMed Research International","no"
"191","Biometrics","ok"
"192","Biomolecular Detection and Quantification","no"
"193","Bioscience","ok"
"194","Biosystema","ok"
"195","Biota Neotropica","ok"
"196","Biotropica","ok"
"197","Bird Conservation International","ok"
"198","Bird Study","ok"
"199","Blood","ok"
"200","BMC Bioinformatics","no"
"201","BMC Biology","no"
"202","BMC Ecology","no"
"203","BMC Ecology and Evolution","no"
"204","BMC Evolutionary Biology","no"
"205","BMC Genetics","no"
"206","BMC Genomic Data","no"
"207","BMC Genomics","no"
"208","BMC Infectious Diseases","no"
"209","BMC Microbiology","no"
"210","BMC Plant Biology","no"
"211","BMC Research Notes","no"
"212","BMC Zoology","no"
"213","BMJ Global Health","no"
"214","Bois et Forets des Tropiques","ok"
"215","Boletim da Sociedade Brasileira de Mastozoologia","ok"
"216","Boletin del Museo Chileno de Arte Precolombino","ok"
"217","Bone","no"
"218","Boreas","ok"
"219","Botanical Journal of the Linnean Society","ok"
"220","Botanical Review","ok"
"221","Botanica Serbica","ok"
"222","Botany","ok"
"223","Botany Letters","ok"
"224","Briefings in Bioinformatics","no"
"225","British Journal of Dermatology","ok"
"226","British Journal of Psychology","ok"
"227","Bryologist","ok"
"228","Bulletin d’Archeologie Marocaine","ok"
"229","Bulletin de la societe archeologique Champenoise","ok"
"230","Bulletin de la Societe Entomologique de France","ok"
"231","Bulletin de la Societe Geologique de France","ok"
"232","Bulletin de la Societe Herpetologique de France","ok"
"233","Bulletin de la Societe Prehistorique Francaise","ok"
"234","Bulletin de la Societe scientifique historique et archeologique de la Correze","no"
"235","Bulletin de la Societe Zoologique de France","ok"
"236","Bulletin du Musee d'Anthropologie prehistorique de Monaco","ok"
"237","Bulletin of ASOR","ok"
"238","Bulletin of Entomological Research","no"
"239","Bulletin of Geosciences","ok"
"240","Bulletin of Marine Science","ok"
"241","Bulletin of Mathematical Biology","ok"
"242","Bulletin of the American Museum of Natural History","ok"
"243","Bulletin of the Ecological Society of America","ok"
"244","Bulletin of the European Association of Fish Pathologists","ok"
"245","Bulletin of Zoological Nomenclature","ok"
"246","Bulletins et memoires de la Societe d’Anthropologie de Paris","ok"
"247","CABI Agriculture and Bioscience","no"
"248","California Archaeology","ok"
"249","Cambridge Archaeological Journal","ok"
"250","Canadian Entomologist","ok"
"251","Canadian Journal of Fisheries and Aquatic Sciences","no"
"252","Canadian Journal of Forest Research","ok"
"253","Canadian Journal of Linguistics","ok"
"254","Canadian Journal of Zoology","ok"
"255","Cancer Prevention Research","ok"
"256","Cavernes","ok"
"257","Cell","no"
"258","Cell and Tissue Research","no"
"259","Cell Death and Differentiation","no"
"260","Check List","no"
"261","Chelonian Conservation and Biology","ok"
"262","Chemical Geology","no"
"263","Chromosoma","no"
"264","Chromosome Research","no"
"265","Cladistics","ok"
"266","Climate Dynamics","no"
"267","Climate of the Past","ok"
"268","Climate Research","no"
"269","Climatic Change","no"
"270","Clinical Microbiology and Infection","ok"
"271","Coastal Management","ok"
"272","Cold Spring Harbor Perspectives in Biology","ok"
"273","Coleopterists Bulletin","ok"
"274","Comechingonia Revista de Arqueologia","no"
"275","Communications Biology","no"
"276","Communications Earth and Environment","no"
"277","Comparative Biochemistry and Physiology Part A: Molecular & Integrative Physiology","ok"
"278","Comparative Parasitology","ok"
"279","Complutum","ok"
"280","Comptes Rendus Biologies","ok"
"281","Comptes Rendus Geoscience","ok"
"282","Comptes Rendus Mathematiques","ok"
"283","Comptes Rendus Palevol","ok"
"284","Computational and Structural Biotechnology Journal","no"
"285","Computational Statistics","no"
"286","Conflict and Health","no"
"287","Conservation and Management of Archaeological Sites","no"
"288","Conservation Biology","ok"
"289","Conservation Genetics","no"
"290","Conservation Genetics Resources","no"
"291","Conservation Letters","ok"
"292","Conservation Physiology","ok"
"293","Conservation Science and Practice","ok"
"294","Conservation & Society","ok"
"295","Contributions to Zoology","ok"
"296","Coral Reefs","ok"
"297","Cretaceous Research","no"
"298","Crustaceana","no"
"299","Cryptogamie Algologie","ok"
"300","Cryptogamie Bryologie","ok"
"301","Cryptogamie Mycologie","ok"
"302","Current Anthropology","ok"
"303","Current Biology","no"
"304","Current Herpetology","ok"
"305","Current Issues in Molecular Biology","no"
"306","Current Opinion in Insect Science","no"
"307","Current Opinion in Microbiology","no"
"308","Current Swedish Archaeology","ok"
"309","Current Zoology","ok"
"310","Cybium","ok"
"311","Cytogenetic and Genome Research","no"
"312","Dendrochronologia","no"
"313","Developmental and Comparative Immunology","no"
"314","Developmental Biology","ok"
"315","Developmental Dynamics: An Official Publication of the American Association of Anatomists","ok"
"316","Development Genes and Evolution","no"
"317","Digital Applications in Archaeology and Cultural Heritage","no"
"318","Diplomatie","no"
"319","Diversity","no"
"320","Diversity and Distributions","no"
"321","DNA Barcodes","no"
"322","Documenta Praehistorica","ok"
"323","Documents d Archeologie Meridionale","no"
"324","Dugesiana","ok"
"325","Dynamiques Environnementales","no"
"326","Earth and Planetary Science Letters","no"
"327","Earth-Science Reviews","no"
"328","Earths Future","no"
"329","Earth System Science Data","no"
"330","Ecography","ok"
"331","Ecohealth","ok"
"332","Ecologia Mediterranea","ok"
"333","Ecological Applications","ok"
"334","Ecological Complexity","no"
"335","Ecological Engineering","no"
"336","Ecological Entomology","ok"
"337","Ecological Indicators","no"
"338","Ecological Informatics","no"
"339","Ecological Modelling","no"
"340","Ecological Monographs","ok"
"341","Ecological Research","ok"
"342","Ecological Solutions & Evidence","ok"
"343","Ecology","ok"
"344","Ecology and Evolution","no"
"345","Ecology and Society","ok"
"346","Ecology Letters","ok"
"347","Ecology of Freshwater Fish","no"
"348","Ecoscience","ok"
"349","Ecosistemas","ok"
"350","Ecosphere","ok"
"351","Ecosystems","no"
"352","Ecotoxicology and Environmental Safety","no"
"353","Elementa","ok"
"354","eLife","ok"
"355","EMBO Reports","ok"
"356","Emerging Infectious Diseases","ok"
"357","Endangered Species Research","no"
"358","Entomologia Experimentalis et Applicata","ok"
"359","Entomologia generalis","no"
"360","Environmental and Experimental Botany","no"
"361","Environmental Archaeology","ok"
"362","Environmental Biology of Fishes","no"
"363","Environmental Conservation","no"
"364","Environmental DNA","no"
"365","Environmental Entomology","ok"
"366","Environmental Epigenetics","no"
"367","Environmental Evidence","no"
"368","Environmental Microbiology","no"
"369","Environmental Microbiology Reports","no"
"370","Environmental Modelling & Software","no"
"371","Environmental Research Letters","no"
"372","Environmental Reviews","no"
"373","Environmental Science and Pollution Research","ok"
"374","Environmental Science and Technology","no"
"375","Environmental Toxicology and Chemistry","ok"
"376","Environment International","no"
"377","EOS","ok"
"378","Epidemiology and Infection","no"
"379","Epigenomes","no"
"380","Especes","ok"
"381","Estonian Journal of Archaeology","ok"
"382","Estuarine Coastal and Shelf Science","ok"
"383","Estudos do Quaternario","ok"
"384","Ethics in Science and Environmental Politics","ok"
"385","Ethnoarchaeology","no"
"386","Ethnos","no"
"387","Ethology","no"
"388","Euphytica","no"
"389","European Archives of Paediatric Dentistry","ok"
"390","European Journal of Archaeology","ok"
"391","European Journal of Clinical Microbiology & Infectious Diseases","no"
"392","European Journal of Entomology","ok"
"393","European Journal of Human Genetics","ok"
"394","European Journal of Phycology","ok"
"395","European Journal of Soil Science","ok"
"396","European Journal of Taxonomy","ok"
"397","European Journal of Wildlife Research","no"
"398","European Scientific Journal","no"
"399","European Zoological Journal","ok"
"400","Eurosurveillance","ok"
"401","Eventum - A journal of Medieval Arts and Rituals","ok"
"402","EvoDevo","no"
"403","Evolution","ok"
"404","Evolution and Human Behavior","ok"
"405","Evolutionary Anthropology","no"
"406","Evolutionary Applications","no"
"407","Evolutionary Bioinformatics Online","no"
"408","Evolutionary Biology","no"
"409","Evolutionary Ecology","no"
"410","Evolutionary Human Sciences","ok"
"411","Evolutionary Journal of the Linnean Society","ok"
"412","Evolutionary Psychology","no"
"413","Evolutionary Systematics","ok"
"414","Evolution & Development","no"
"415","Evolution: Education and Outreach","no"
"416","Evolution Letters","ok"
"417","Evolution Medicine and Public Health","ok"
"418","EXARC Journal","ok"
"419","Experimental and Applied Acarology","no"
"420","EXPOSITIONES MATHEMATICAE","no"
"421","F1000 Research","no"
"422","FAO Aquaculture Newsletter","ok"
"423","FEMS Microbiology Ecology","ok"
"424","Fire","no"
"425","Fish and Fisheries","no"
"426","Fish and Shellfish Immunology","ok"
"427","Fisheries Research","no"
"428","Fishes","no"
"429","Flora Mediterranea","ok"
"430","Folia Amazonica","ok"
"431","Folia Conchyliologica","no"
"432","Folia Parasitologica","ok"
"433","Folia Primatologica","ok"
"434","Folia Zoologica","ok"
"435","Food & History","ok"
"436","Food Security","ok"
"437","Food Webs","no"
"438","Forensic Science International","no"
"439","Forest Ecology and Management","no"
"440","Forest Policy and Economics","no"
"441","Forests","no"
"442","Forktail","ok"
"443","Fossil Record","ok"
"444","Fottea","ok"
"445","Fragmenta Entomologica","ok"
"446","Freshwater Biology","no"
"447","Freshwater Science","ok"
"448","Frontiers in Cell and Developmental Biology","no"
"449","Frontiers in Cellular and Infection Microbiology","no"
"450","Frontiers in Earth Science","no"
"451","Frontiers in Ecology and Evolution","no"
"452","Frontiers in Ecology and the Environment","ok"
"453","Frontiers in Endocrinology","no"
"454","Frontiers in Forests and Global Change","no"
"455","Frontiers in Fungal Biology","no"
"456","Frontiers in Genetics","no"
"457","Frontiers in Marine Science","no"
"458","Frontiers in Microbiology","no"
"459","Frontiers in Pharmacology","no"
"460","Frontiers in Plant Science","no"
"461","Frontiers in Psychology","no"
"462","Frontiers in Public Health","no"
"463","Frontiers in Reproductive Health","no"
"464","Frontiers in Veterinary Science","no"
"465","Frontiers in Zoology","no"
"466","Frontiers of Biogeography","ok"
"467","Fuel","no"
"468","Functional Ecology","ok"
"469","Fungal Biology","ok"
"470","Fungal Biology Reviews","ok"
"471","Fungal Diversity","ok"
"472","Fungal Ecology","ok"
"473","G3 - Genes Genomes Genetics","ok"
"474","Gallia","ok"
"475","Gallia Prehistoire","ok"
"476","Gayana","ok"
"477","Gene","no"
"478","General and Comparative Endocrinology","no"
"479","Genes","no"
"480","Genetica","no"
"481","Genetics","ok"
"482","Genetics Research","no"
"483","Genome Announcements","ok"
"484","Genome Biology","no"
"485","Genome Biology and Evolution","ok"
"486","Genome Research","ok"
"487","Geoarchaeology","no"
"488","Geobiology","no"
"489","Geobios","no"
"490","Geochemical Perspectives","ok"
"491","Geochemical Perspectives Letters","ok"
"492","Geoconservation Research","no"
"493","Geoderma","no"
"494","Geodiversitas","ok"
"495","Geographical Journal","no"
"496","GeoHealth","ok"
"497","Geologica Acta","ok"
"498","Geological Magazine","no"
"499","Geologues","ok"
"500","Geology","ok"
"501","Geology Ecology and Landscapes","ok"
"502","Geomorphology","no"
"503","Geophysical Research Letters","ok"
"504","Geoscience Frontiers","ok"
"505","Geoscientific Model Development","ok"
"506","Geosphere","ok"
"507","Gigascience","no"
"508","Global and Planetary Change","no"
"509","Global Change Biology","no"
"510","Global Ecology and Biogeography","no"
"511","Global Ecology and Conservation","no"
"512","Gondwana Research","no"
"513","Grana","ok"
"514","GSA Bulletin","ok"
"515","Gynecologie Obstetrique Fertilite & Senologie","ok"
"516","Helminthologia","ok"
"517","Heredity","ok"
"518","Heritage","no"
"519","Heritage Science","no"
"520","Herpetologica","ok"
"521","Herpetozoa","ok"
"522","Hesperia","ok"
"523","Historical Archaeology","ok"
"524","Historical Biology","no"
"525","Historic Environment: Policy and Practice","no"
"526","History and Philosophy of the Life Sciences","no"
"527","HOMO - Journal of Comparative Human Biology","no"
"528","Hormones and Behavior","ok"
"529","Horticulture Research","no"
"530","Human Biology","ok"
"531","Human Ecology","no"
"532","Human Molecular Genetics","no"
"533","Human-Wildlife Interactions","ok"
"534","Hydrobiologia","no"
"535","Hystrix","ok"
"536","IAWA Journal","no"
"537","Ibis","ok"
"538","ICES Journal of Marine Science","ok"
"539","Ichthyology & Herpetology","ok"
"540","Ideas in Ecology and Evolution","ok"
"541","IEEE/ACM Transactions on Computational Biology and Bioinformatics","ok"
"542","IMA Fungus","ok"
"543","Immunological Reviews","no"
"544","Industrial Archaeology Review","ok"
"545","Infection Genetics and Evolution","no"
"546","Inland Waters","no"
"547","Insect Conservation & Diversity","ok"
"548","Insectes Sociaux","ok"
"549","Insect Molecular Biology","ok"
"550","Insects","no"
"551","Insect Systematics and Diversity","ok"
"552","Integrative and Comparative Biology","ok"
"553","Integrative Zoology","ok"
"554","Interface Focus","ok"
"555","International Journal for Parasitology","ok"
"556","International Journal for Parasitology: Parasites and Wildlife","ok"
"557","International Journal of Agricultural Research Innovation and Technology","ok"
"558","International Journal of Agricultural Sustainability","no"
"559","International Journal of Antimicrobial Agents","no"
"560","International Journal of Applied Earth Observation and Geoinformation","no"
"561","International Journal of Archaeology","no"
"562","International Journal of Biological Sciences","no"
"563","International Journal of Comparative Psychology","ok"
"564","International Journal of Entomological Research","no"
"565","International Journal of Epidemiology","ok"
"566","International Journal of Fisheries and Aquatic Studies","no"
"567","International Journal of Historical Archaeology","no"
"568","International Journal of Infectious Diseases","ok"
"569","International Journal of Legal Medicine","no"
"570","International Journal of Modern Anthropology","ok"
"571","International Journal of Molecular Sciences","no"
"572","International Journal of Nautical Archaeology","ok"
"573","International Journal of Osteoarchaeology","no"
"574","International Journal of Paleopathology","ok"
"575","International Journal of Pharmaceutics","no"
"576","International Journal of Plant Sciences","no"
"577","International Journal of Primatology","ok"
"578","International Journal of Remote Sensing","ok"
"579","International Journal of Research Studies in Biosciences","no"
"580","International Journal of Speleology","ok"
"581","International Journal of Sustainable Development and World Ecology","no"
"582","International Journal of Systematic and Evolutionary Microbiology","ok"
"583","International Journal of Wildland Fire","ok"
"584","International Zoo Yearbook","ok"
"585","Internet Archaeology","ok"
"586","Intervirology","no"
"587","Invasive Plant Science and Management","ok"
"588","Invertebrate Systematics","ok"
"589","Iscience","no"
"590","ISME Communications","ok"
"591","ISME Journal","ok"
"592","Italian Botanist","ok"
"593","Italian Journal of Mycology","ok"
"594","Journal de la Societe des Americanistes","ok"
"595","Journal de la Societe des Oceanistes","ok"
"596","Journal de la Societe Francaise de Statistique","ok"
"597","Journal for Nature Conservation","no"
"598","Journal International de Bioethique","ok"
"599","Journal of Advances in Modeling Earth Systems","ok"
"600","Journal of African Archaeology","no"
"601","Journal of African Diaspora Archaeology and Heritage","no"
"602","Journal of African Earth Sciences","ok"
"603","Journal of Agrarian Change","no"
"604","Journal of Algal Biomass Utilization","no"
"605","Journal of Alzheimer’s Disease","no"
"606","Journal of Anatomy","ok"
"607","Journal of Animal Ecology","ok"
"608","Journal of Animal Science","ok"
"609","Journal of Anthropological Archaeology","no"
"610","Journal of Anthropological Sciences","ok"
"611","Journal of Antimicrobial Chemotherapy","ok"
"612","Journal of Applied and Environmental Microbiology","no"
"613","Journal of Applied Aquaculture","no"
"614","Journal of Applied Botany and Food Quality","ok"
"615","Journal of Applied Ecology","ok"
"616","Journal of Applied Entomology","no"
"617","Journal of Applied Ichthyology","no"
"618","Journal of Applied Microbiology","ok"
"619","Journal of Applied Research on Medicinal and Aromatic Plants","no"
"620","Journal of Arachnology","ok"
"621","Journal of Archaeological Method and Theory","no"
"622","Journal of Archaeological Research","no"
"623","Journal of Archaeological Science","no"
"624","Journal of Archaeological Science: Reports","no"
"625","Journal of Arid Environments","no"
"626","Journal of Arid Land","ok"
"627","Journal of Asian Earth Sciences","no"
"628","Journal of Avian Biology","ok"
"629","Journal of Bat Research and Conservation","ok"
"630","Journal of Behavior","no"
"631","Journal of Biogeography","no"
"632","Journal of Bioinformatics and Computational Biology","no"
"633","Journal of Biological Research Thessaloniki","ok"
"634","Journal of Bryology","ok"
"635","Journal of Caribbean Ornithology","ok"
"636","Journal of Cave and Karst Studies","ok"
"637","Journal of Chemical Ecology","ok"
"638","Journal of Cleaner Production","no"
"639","Journal of Coastal Conservation","ok"
"640","Journal of Coastal Research","ok"
"641","Journal of Community Archaeology & Heritage","no"
"642","Journal of Comparative Psychology","ok"
"643","Journal of Computational and Graphical Statistics","ok"
"644","Journal of Computer and System Sciences","no"
"645","Journal of Computer Applications in Archaeology","ok"
"646","Journal of Conflict Archaeology","no"
"647","Journal of Crustacean Biology","ok"
"648","Journal of Cultural Heritage","no"
"649","Journal of Dentistry","no"
"650","Journal of Eastern Mediterranean Archaeology and Heritage Studies","ok"
"651","Journal of Ecohydraulics","ok"
"652","Journal of Ecology","ok"
"653","Journal of Economic Entomology","ok"
"654","Journal of Environmental Management","no"
"655","Journal of Ethnobiology","ok"
"656","Journal of Eukaryotic Microbiology","ok"
"657","Journal of European Taxonomy","no"
"658","Journal of Evolutionary Biology","ok"
"659","Journal of Experimental Biology","ok"
"660","Journal of Experimental Botany","ok"
"661","Journal of Experimental Marine Biology and Ecology","no"
"662","Journal of Experimental Zoology","ok"
"663","Journal of Field Archaeology","ok"
"664","Journal of Field Ornithology","ok"
"665","Journal of Fish Biology","ok"
"666","Journal of Fish Diseases","no"
"667","Journal of Fisheries and Marine Science","no"
"668","Journal of Forestry Research","no"
"669","Journal of General Virology","ok"
"670","Journal of Geophysical Research: Biogeosciences","ok"
"671","Journal of Global Health","ok"
"672","Journal of Graph Algorithms and Applications","ok"
"673","Journal of Great Lakes Research","ok"
"674","Journal of Helminthology","no"
"675","Journal of Heredity","ok"
"676","Journal of Herpetology","ok"
"677","Journal of Historical Geography","no"
"678","Journal of Human Evolution","no"
"679","Journal of Hymenoptera Research","ok"
"680","Journal of Iberian Geology","ok"
"681","Journal of Insect Science","ok"
"682","Journal of Integrated Pest Management","ok"
"683","Journal of Invertebrate Pathology","no"
"684","Journal of Iran National Museum","ok"
"685","Journal of Island and Coastal Archaeology","no"
"686","Journal of Land Use Science","no"
"687","Journal of Limnology","ok"
"688","Journal of Lithic Studies","ok"
"689","Journal of Mammalian Evolution","ok"
"690","Journal of Mammalogy","ok"
"691","Journal of Maps","no"
"692","Journal of Maritime Archaeology","no"
"693","Journal of Material Culture","no"
"694","Journal of Mathematical Biology","ok"
"695","Journal of Medical Entomology","ok"
"696","Journal of Medical Imaging","no"
"697","Journal of Mediterranean Archaeology","no"
"698","Journal of Microbiology and Biotechnology","ok"
"699","Journal of Micropalaeontology","ok"
"700","Journal of Molecular Evolution","no"
"701","Journal of Molluscan Studies","ok"
"702","Journal of Morphology","no"
"703","Journal of Open Archaeology Data","no"
"704","Journal of Open Source Software","ok"
"705","Journal of Ornithology","ok"
"706","Journal of Orthoptera Research","ok"
"707","Journal of Paleolimnology","no"
"708","Journal of Paleolithic Archaeology","no"
"709","Journal of Paleontology","ok"
"710","Journal of Parasitology","ok"
"711","Journal of Peasant Studies","no"
"712","Journal of Pest Science","no"
"713","Journal of Phycology","ok"
"714","Journal of Plant Ecology","ok"
"715","Journal of Plant Research","ok"
"716","Journal of Pollination Ecology","ok"
"717","Journal of Polynesian Archaeology and Research","ok"
"718","Journal of Proteomics","ok"
"719","Journal of Quaternary Science","ok"
"720","Journal of Raptor Research","ok"
"721","Journal of Roman Archaeology","no"
"722","Journal of Roman Studies","ok"
"723","Journal of Sea Research","no"
"724","Journal of Social Archaeology","no"
"725","Journal of South American Earth Sciences","no"
"726","Journal of Statistical Software","ok"
"727","Journal of Stratigraphy and Sedimentology Researches","ok"
"728","Journal of Sustainable Agriculture and Environment","ok"
"729","Journal of Systematic Palaeontology","ok"
"730","Journal of Systematics and Evolution","ok"
"731","Journal of the British Archaeological Association","ok"
"732","Journal of the Geological Society (of London)","ok"
"733","Journal of the Indian Society of Coastal Agricultural Research","ok"
"734","Journal of the Marine Biological Association of the United Kingdom","ok"
"735","Journal of the National Museum (Prague) Natural History Series","no"
"736","Journal of Theoretical Biology","no"
"737","Journal of the Lepidopterists' Society","ok"
"738","Journal of the World Aquaculture Society","ok"
"739","Journal of Threatened Taxa","ok"
"740","Journal of Tropical Ecology","no"
"741","Journal of Vector Ecology","ok"
"742","Journal of Vegetation Science","ok"
"743","Journal of Vertebrate Biology","ok"
"744","Journal of Vertebrate Paleontology","ok"
"745","Journal of Virology","ok"
"746","Journal of Wetland Archaeology","no"
"747","Journal of Wildlife Diseases","ok"
"748","Journal of Wildlife Management","ok"
"749","Journal of World Prehistory","no"
"750","Journal of Zoological Systematics and Evolutionary Research","no"
"751","Journal of Zoology","ok"
"752","Journals of Gerontology: Series A","ok"
"753","Knowledge and Management of Aquatic Ecosystems","ok"
"754","Lancet Infectious Diseases","no"
"755","Land","no"
"756","Land Degradation and Development","no"
"757","Landscape Ecology","ok"
"758","Lankesteriana","ok"
"759","L'Anthropologie","ok"
"760","La Recherche","no"
"761","La Terre et La Vie - Revue d Ecologie Appliquee a la Protection de la Nature","no"
"762","Latin American Antiquity","ok"
"763","La Voix des Rizipisciculteurs","no"
"764","Les Ateliers de l'Ethique","no"
"765","Les cahiers de la Recherche. Santé Environnement Travail","no"
"766","Les Nouvelles de l’Archeologie","ok"
"767","Le Trufficulteur Francais","no"
"768","Letters in Applied Microbiology","ok"
"769","Leukemia Research","no"
"770","Levant","ok"
"771","Limnologica","no"
"772","Lindbergia","ok"
"773","Lithic Technology","no"
"774","Lucentum","ok"
"775","Malacologia","ok"
"776","Malaria Journal","no"
"777","Malimbus","ok"
"778","Mammalia","no"
"779","Mammalian Biology","ok"
"780","Mammalian Genome","ok"
"781","Mammal Research","no"
"782","Mammal Review","ok"
"783","Mammal Study","ok"
"784","Management of Biological Invasions","ok"
"785","Marine and Freshwater Research","no"
"786","Marine Biodiversity","no"
"787","Marine Biology","no"
"788","Marine Biology Research","no"
"789","Marine Ecology Progress Series","ok"
"790","Marine Environmental Research","no"
"791","Marine Mammal Science","ok"
"792","Marine Micropaleontology","no"
"793","Marine Pollution Bulletin","no"
"794","Mastozoologia Neotropical","ok"
"795","mBio","ok"
"796","Medecine/Sciences","no"
"797","Medical and Veterinary Entomology","ok"
"798","Medieval Archaeology","ok"
"799","Mediterranean Archaeology and Archaeometry","no"
"800","Mediterranean Botany","ok"
"801","Mediterranean Marine Science","ok"
"802","Mediterranee","no"
"803","Memoires du Museum d Histoire Naturelle","ok"
"804","Methods in Ecology and Evolution","ok"
"805","Methods in Molecular Biology","no"
"806","Microbial Ecology","no"
"807","Microbial Genomics","ok"
"808","Microbial Pathogenesis","no"
"809","Microbiology","ok"
"810","Microbiology Resource Announcements","ok"
"811","Microbiology Spectrum","ok"
"812","Microbiome","no"
"813","Microorganisms","no"
"814","Micropaleontology","ok"
"815","Minerals","no"
"816","Mitekufat Haeven: Journal of the Israel Prehistoric Society","ok"
"817","Mitochondrial DNA","no"
"818","Mobile DNA","no"
"819","Molecular and Biochemical Parasitology","no"
"820","Molecular Biology and Evolution","ok"
"821","Molecular Ecology","no"
"822","Molecular Ecology Resources","no"
"823","Molecular Phylogenetics and Evolution","no"
"824","Molecular Reproduction and Development","no"
"825","Molecular Therapy","no"
"826","Molecules","no"
"827","MorphoMuseum","ok"
"828","Movement Ecology","no"
"829","mSphere","ok"
"830","mSystems","ok"
"831","Munibe. Antropologia-Arkeologia","ok"
"832","MycoKeys","no"
"833","Mycologia","ok"
"834","Mycological Progress","ok"
"835","Mycopathologia","ok"
"836","Mycorrhiza","no"
"837","Mycosphere","ok"
"838","Myrmecological News","ok"
"839","National Science Review","ok"
"840","Naturae","ok"
"841","Natural Areas Journal","ok"
"842","Natural Product Research","no"
"843","Nature","no"
"844","Nature Climate Change","no"
"845","Nature Communications","no"
"846","Nature Ecology & Evolution","no"
"847","Nature Genetics","no"
"848","Nature Geoscience","no"
"849","Nature Neuroscience","no"
"850","Nature Physics","no"
"851","Nature Plants","no"
"852","Nature Reviews Genetics","no"
"853","Nature Reviews Microbiology","no"
"854","Nature Sciences Societes","ok"
"855","Nature Sustainability","no"
"856","Near Eastern Archaeology","ok"
"857","NeoBiota","ok"
"858","Neotropical Biodiversity","no"
"859","Neotropical Helminthology","ok"
"860","Neues Jahrbuch fur Geologie und Palaontologie","no"
"861","Neurochemistry International","no"
"862","New Phytologist","ok"
"863","Newsletters on Stratigraphy","no"
"864","News of the Lepidopterists Society","ok"
"865","New Zealand Journal of Ecology","ok"
"866","Nonlinear Analysis: Real World Applications","no"
"867","Nordic Journal of Botany","ok"
"868","North American Journal of Aquaculture","ok"
"869","Northwestern Naturalist","no"
"870","Norwegian Archaeological Review","no"
"871","Nota Lepidopterologica","ok"
"872","Nova Hedwigia","no"
"873","Novitates Caribaea","ok"
"874","Nucleic Acids Research","no"
"875","Nutrients","no"
"876","Nyame Akuma Bulletin","ok"
"877","Oceanography","ok"
"878","Oecologia","no"
"879","Oikos","ok"
"880","One Earth","no"
"881","One Health","ok"
"882","Open Archaeology","no"
"883","Open Biology","ok"
"884","Open Journal of Ecology","no"
"885","Open Quaternary","no"
"886","Open Research Europe","ok"
"887","Organic Geochemistry","no"
"888","Organisms Diversity & Evolution","ok"
"889","Ornis Fennica","ok"
"890","Ornithological Applications","ok"
"891","Ornithological Science","ok"
"892","Ornithology","ok"
"893","Ornithos","ok"
"894","Oryx","no"
"895","Oxford Bibliographies in Environmental Science","no"
"896","Oxford Journal of Archaeology","ok"
"897","Pacific Conservation Biology","no"
"898","Pacific Science","ok"
"899","Pakistan Journal of Botany","ok"
"900","Palaeobiodiversity and Palaeoenvironments","no"
"901","Palaeoentomology","ok"
"902","Palaeogeography Palaeoclimatology Palaeoecology","no"
"903","Palaeontographica Abteilung A","no"
"904","Palaeontologia Electronica","ok"
"905","Palaeontology","ok"
"906","PalaeoVertebrata","ok"
"907","Palaeoworld","ok"
"908","Palaontologische Zeitschrift","ok"
"909","Paleo","no"
"910","PaleoAnthropology","ok"
"911","Paleobiology","ok"
"912","Paleoceanography and Paleoclimatology","ok"
"913","Paleontological Research","ok"
"914","PALEO : Revue d'Archeologie Prehistorique","ok"
"915","Paleorient","ok"
"916","Palestine Exploration Quarterly","ok"
"917","Palynology","no"
"918","Palz","no"
"919","Pamatky Archeologicke","ok"
"920","Papers in Palaeontology","ok"
"921","Parasite","ok"
"922","Parasites and Vectors","no"
"923","Parasites Hosts and Diseases","ok"
"924","Parasitology","no"
"925","Parasitology International","ok"
"926","Parasitology Research","no"
"927","Past Global Changes Magazine","ok"
"928","Pedosphere","ok"
"929","Peer Community In Animal Science","ok"
"930","Peer Community In Archaeology","ok"
"931","Peer Community In Ecology","ok"
"932","Peer Community In Ecotoxicology and Environmental Chemistry","ok"
"933","Peer Community In Evolutionary Biology","ok"
"934","Peer Community In Forest and Wood Sciences","ok"
"935","Peer Community In Genomics","ok"
"936","Peer Community In Health and Movement Science","ok"
"937","Peer Community In Infections","ok"
"938","Peer Community In Mathematical and Computational Biology","ok"
"939","Peer Community In Microbiology","ok"
"940","Peer Community In Network Science","ok"
"941","Peer Community In Neuroscience","ok"
"942","Peer Community In Paleontology","ok"
"943","Peer Community In Registered Reports","ok"
"944","Peer Community In Zoology","ok"
"945","Peer Community Journal","ok"
"946","PeerJ","no"
"947","People & Nature","ok"
"948","Permafrost and Periglacial Processes","no"
"949","Personality and Individual Differences","ok"
"950","Persoonia","ok"
"951","Perspectives in Ecology and Conservation","ok"
"952","Perspectives in Plant Ecology Evolution and Systematics","no"
"953","Pest Management Science","no"
"954","Philosophical Transactions of the Royal Society B","ok"
"955","Philosophy Theory and Practice in Biology","ok"
"956","Phycologia","ok"
"957","Phytobiomes Journal","ok"
"958","Phytotaxa","no"
"959","Plains Anthropologist","ok"
"960","Plant and Soil","no"
"961","Plant Biology","ok"
"962","Plant Biosystems","ok"
"963","Plant Direct","ok"
"964","Plant Ecology and Diversity","ok"
"965","Plant Ecology and Evolution","ok"
"966","Plant Journal","ok"
"967","Plants","no"
"968","Plant Sociology","ok"
"969","Plants People Planet","ok"
"970","Plant Systematics and Evolution","no"
"971","PLoS Biology","ok"
"972","PLoS Computational Biology","ok"
"973","PLoS Genetics","ok"
"974","PLoS Neglected Tropical Diseases","ok"
"975","PLoS ONE","ok"
"976","PLoS Pathogens","ok"
"977","PNAS nexus","ok"
"978","Polish Journal of Ecology","ok"
"979","Population Ecology","ok"
"980","Post-Medieval Archaeology","ok"
"981","Practica Arqeologica: revista de la asociacion de arqueologos profesionales de la republica argentina","ok"
"982","Praehistorische Zeitschrift","ok"
"983","Prehistoire du Sud-Ouest","ok"
"984","Prehistoires Art et Societes : Bulletin de la Societe Prehistorique Ariege-Pyrenees","ok"
"985","Prehistoires mediterraneennes","ok"
"986","Primate Conservation","ok"
"987","Procedia Earth and Planetary Science","no"
"988","Proceedings of the Geologists Association","ok"
"989","Proceedings of the National Academy of Sciences of the USA","ok"
"990","Proceedings of the Royal Society A - Mathematical Physical and Engineering Sciences","ok"
"991","Proceedings of the Royal Society B - Biological Sciences","ok"
"992","Proceedings of the Royal Society Interface","ok"
"993","Progress in Oceanography","no"
"994","Public Archeology","no"
"995","Quaternaire","ok"
"996","Quaternary","no"
"997","Quaternary Geochronology","no"
"998","Quaternary International","ok"
"999","Quaternary Research","no"
"1000","Quaternary Science Reviews","no"
"1001","Queensland Archaeological Research","ok"
"1002","Radiocarbon","no"
"1003","Raffles Bulletin of Zoology","ok"
"1004","Records of the Australian Museum","ok"
"1005","Regional Environmental Change","no"
"1006","Remote Sensing","no"
"1007","Remote Sensing in Ecology and Conservation","ok"
"1008","Remote Sensing Letters","no"
"1009","Research for All","no"
"1010","Restoration Ecology","ok"
"1011","Rethinking Ecology","no"
"1012","Review of Palaeobotany and Palynology","no"
"1013","Reviews in Aquaculture","no"
"1014","Reviews in Fish Biology and Fisheries","no"
"1015","Reviews in Fisheries Science and Aquaculture","no"
"1016","Revista Brasileira de Paleontologia","ok"
"1017","Revista de Biologia Tropical","ok"
"1018","Revista de la Sociedad Entomologica Argentina","ok"
"1019","Revista del Museo de Antropologia","ok"
"1020","Revista Peruana de Biologia","ok"
"1021","Revue archeologique de l'Est","ok"
"1022","Revue d'elevage et de medecine veterinaire des pays tropicaux","ok"
"1023","Revue de Paleobiologie","ok"
"1024","Revue de Primatologie","ok"
"1025","Revue d'Histoire des Sciences","ok"
"1026","Revue Suisse de Zoologie","ok"
"1027","Rice","no"
"1028","Ringing and Migration","ok"
"1029","Rivista Italiana di Paleontologia e Stratigrafia","ok"
"1030","Royal Society Open Science","ok"
"1031","Salamandra","ok"
"1032","Scandinavian Journal of Statistics","ok"
"1033","Science","ok"
"1034","Science Advances","ok"
"1035","Science of Nature","no"
"1036","Science of the Total Environment","no"
"1037","Scientia Horticulturae","no"
"1038","Scientia Marina","ok"
"1039","Scientific Data","no"
"1040","Scientific Drilling","ok"
"1041","Scientific Reports","no"
"1042","Sedimentary Geology","no"
"1043","Sexual Development","no"
"1044","SIAM Journal on Applied Mathematics","ok"
"1045","SIAM Journal on Discrete Mathematics","ok"
"1046","Silva Balcanica","ok"
"1047","Smithsonian Contributions to Paleobiology","ok"
"1048","Soil Biology and Biochemistry","no"
"1049","South African Journal of Botany","ok"
"1050","Southeastern Archaeology","ok"
"1051","Southern African Field Archaeology","ok"
"1052","Southern African Humanities","ok"
"1053","SPAL - Revista de Prehistoria y Arqueologia","ok"
"1054","Spanish Journal of Palaeontology","ok"
"1055","Spectrochimica Acta","no"
"1056","Spelunca","ok"
"1057","SSRN Journal","no"
"1058","STAR: Science & Technology of Archaeological Research","no"
"1059","Statistics","no"
"1060","Stats","no"
"1061","Studies in Family Planning","ok"
"1062","Studies on Neotropical Fauna and Environment","no"
"1063","Sudan & Nubia","ok"
"1064","Sustainability","no"
"1065","Swiss Journal of Palaeontology","ok"
"1066","Symmetry","no"
"1067","Systematic and Applied Acarology","ok"
"1068","Systematic Biology","ok"
"1069","Systematic Botany","ok"
"1070","Systematic Entomology","ok"
"1071","Systematic Parasitology","no"
"1072","Takurunna","ok"
"1073","Talanta","no"
"1074","Taxon","ok"
"1075","Techne","ok"
"1076","Techniques Financieres et Developpement","no"
"1077","Tectonophysics","no"
"1078","Tel Aviv","ok"
"1079","Terra Nova","no"
"1080","Thalassas","no"
"1081","The Anatomical Record","ok"
"1082","The Botanical Review","no"
"1083","The Bulletin of Zoological Nomenclature","no"
"1084","The Canadian Entomologist","no"
"1085","The Coleopterists Bulletin","no"
"1086","The European Zoological Journal","no"
"1087","The Historic Environment: Policy & Practice","no"
"1088","The Holocene","no"
"1089","The ISME Journal","no"
"1090","The Journal of Island and Coastal Archaeology","no"
"1091","The Lancet","no"
"1092","The Lancet Planetary Health","no"
"1093","Theoretical Computer Science","no"
"1094","Theoretical Ecology","no"
"1095","Theoretical Population Biology","no"
"1096","Theoretical Roman Archaeology Journal","ok"
"1097","The Paleontological Society Papers","ok"
"1098","The Plant Journal","no"
"1099","Theriogenology","no"
"1100","The South African Archaeological Bulletin","ok"
"1101","Toxicon","ok"
"1102","Toxins","no"
"1103","Trabajos de Prehistoria","ok"
"1104","Transactions of the American Entomological Society","ok"
"1105","Transactions of The Royal Society of Tropical Medicine and Hygiene","ok"
"1106","Transboundary and Emerging Diseases","ok"
"1107","Translational Psychiatry","no"
"1108","Tree Genetics and Genomes","no"
"1109","Tree Physiology","no"
"1110","Trends in Ecology and Evolution","no"
"1111","Trends in Genetics","no"
"1112","Trends in Microbiology","no"
"1113","Trends in Parasitology","no"
"1114","Trends in Plant Science","no"
"1115","Treubia","ok"
"1116","Tropical Conservation Science","no"
"1117","Tropical Ecology","ok"
"1118","Tropical Medicine and Infectious Disease","ok"
"1119","Tropical Medicine and International Health","ok"
"1120","Turkish Journal of Fisheries and Aquatic Sciences","ok"
"1121","Urban Ecosystems","ok"
"1122","Vector-Borne and Zoonotic Diseases","no"
"1123","Vegetation Classification and Survey","ok"
"1124","Vegetation History and Archaeobotany","ok"
"1125","Vestnik Archeologii Antropologii i Etnografii","no"
"1126","Veterinary Parasitology","no"
"1127","Vie et Milieu - Life and environment","ok"
"1128","Virologie","ok"
"1129","Virtual Archaeology Review","ok"
"1130","Viruses","no"
"1131","Virus Evolution","no"
"1132","Water","no"
"1133","Waterbirds","ok"
"1134","Water History","ok"
"1135","Web Ecology","ok"
"1136","Weed Research","ok"
"1137","Wellcome Open Research","ok"
"1138","Wetlands","ok"
"1139","Wetland Science and Practice","ok"
"1140","Wildlife Biology","ok"
"1141","Wildlife Research","ok"
"1142","Wildlife Society Bulletin","ok"
"1143","World Archaeology","no"
"1144","World Journal of Microbiology & Biotechnology","no"
"1145","Yorkshire Archaeological Journal","ok"
"1146","Zephyrus","ok"
"1147","Zitteliana","ok"
"1148","Zookeys","no"
"1149","Zoologia","ok"
"1150","Zoological Journal of the Linnean Society","ok"
"1151","Zoological Research","ok"
"1152","Zoological Science","ok"
"1153","Zoological Studies","ok"
"1154","Zoologica Scripta","ok"
"1155","Zoology","no"
"1156","Zoomorphology","no"
"1157","Zoosystema","ok"
"1158","Zoosystematics and Evolution","ok"
"1159","Zootaxa","no"
"1160","Wilson Journal of Ornithology","ok"
"1161","Avocetta","ok"
"1162","Archaologisches Korrespondenzblatt","ok"
"1163","Egyptian Journal of Botany","ok"
"1164","Journal of Asia-Pacific Entomology","ok"
"1165","Comparative Biochemistry and Physiology Part A: Molecular & Integrative Physiology","ok"
"1166","Apidologie","ok"
"1167","Cities and the Environment","ok"
"1168","Plant Biosystems","ok"
"1169","Journal of Applied and Environmental Microbiology","no"
"1170","Earth's Future","ok"
"1171","Especes","ok"
"1172","FAO Aquaculture Newsletter","ok"
"1173","Folia Zoologica","ok"
"1174","Forktail","ok"
"1175","Journal of Asian Ornithology","ok"
"1176","Genome Announcements","ok"
"1177","Journal of Great Lakes Research","ok"
"1178","Journal of the Indian Society of Coastal Agricultural Research","ok"
"1179","Algorithms for molecular biology","no"
"1180","Algorithms for molecular biology : AMB","no"
"1181","Animals","no"
"1182","Animals : an open access journal from MDPI","no"
"1183","BioEssays","no"
"1184","BioEssays : news and reviews in molecular, cellular and developmental biology","no"
"1185","Bioinformatics","ok"
"1186","Bioinformatics (Oxford, England)","no"
"1187","BMC Biology","no"
"1188","Journal of Biology","no"
"1189","Chromosome Research","no"
"1190","Chromosome research : an international journal on the molecular, supramolecular and evolutionary aspects of chromosome biology","no"
"1191","Comparative biochemistry and physiology","no"
"1192","Comparative biochemistry and physiology. Part B, Biochemistry & molecular biology","no"
"1193","Current biology","no"
"1194","Current biology : CB","no"
"1195","Diversity and Distributions","no"
"1196","Diversity & distributions","no"
"1197","European Journal of Human Genetics","ok"
"1198","European journal of human genetics : EJHG","no"
"1199","Experimental and Applied Acarology","no"
"1200","Experimental & applied acarology","no"
"1201","Evolutionary psychology","no"
"1202","Evolutionary psychology : an international journal of evolutionary approaches to psychology and behavior","no"
"1203","Genetics Research","no"
"1204","Genetical Research","no"
"1205","Global ecology and biogeography","no"
"1206","Global ecology and biogeography : a journal of macroecology","no"
"1207","Infection, genetics and evolution","no"
"1208","Infection, genetics and evolution : journal of molecular epidemiology and evolutionary genetics in infectious diseases","no"
"1209","International journal for parasitology: Parasites and wildlife","ok"
"1210","International journal for parasitology. Parasites and wildlife","no"
"1211","International Journal of Agricultural Research Innovation and Technology","ok"
"1212","International Journal of Agricultural Research, Innovation and Technology","no"
"1213","Journal of Biological Research Thessaloniki","ok"
"1214","Journal of Biological Research - Thessaloniki","no"
"1215","Journal of Geophysical Research Biogeosciences","no"
"1216","Journal of Geophysical Research: Biogeosciences","ok"
"1217","Journal of Experimental Biology","ok"
"1218","The Journal of Experimental Biology","no"
"1219","Journal of experimental zoology","ok"
"1220","Journal of Experimental Zoology Part A: Ecological Genetics and Physiology","no"
"1221","Journal of Experimental Zoology. Part A, Ecological Genetics and Physiology","no"
"1222","Journal of experimental zoology. Part B, Molecular and developmental evolution","no"
"1223","Journal of experimental zoology Part B: Molecular and developmental evolution","no"
"1224","Lancet Infectious Diseases","no"
"1225","The Lancet Infectious Diseases","no"
"1226","The Lancet Planetary Health","no"
"1227","Lancet Planetary Health","no"
"1228","Mastozoología Neotropical","no"
"1229","Mastozoologia Neotropical","ok"
"1230","Medecine/Sciences","no"
"1231","Medecine sciences : M/S","no"
"1232","M S-MEDECINE SCIENCES","no"
"1233","Methods in molecular biology","no"
"1234","Methods in molecular biology (Clifton, N.J.)","no"
"1235","Mitochondrial DNA","no"
"1236","Mitochondrial DNA. Part A, DNA mapping, sequencing, and analysis","no"
"1237","Nature Reviews Genetics","no"
"1238","Nature reviews. Genetics","no"
"1239","Palaeogeography, Palaeoclimatology, Palaeoecology","no"
"1240","Palaeogeography Palaeoclimatology Palaeoecology","no"
"1241","Palaontologische Zeitschrift","ok"
"1242","Paläontologische Zeitschrift","no"
"1243","Parasites and Vectors","no"
"1244","Parasites & vectors","no"
"1245","Plants","no"
"1246","Plants (Basel, Switzerland)","no"
"1247","Revue de Paleobiologie","ok"
"1248","Revue de Paléobiologie","no"
"1249","Science of Nature","no"
"1250","The Science of Nature","no"
"1251","Naturwissenschaften","no"
"1252","Die naturwissenschaften","no"
"1253","Science of the Total Environment","no"
"1254","The Science of the total environment","no"
"1255","The Holocene","no"
"1256","HOLOCENE","no"
"1257","Trends in ecology and evolution","no"
"1258","Trends in ecology & evolution","no"
"1259","Trends in genetics","no"
"1260","Trends in genetics : TIG","no"
"1261","Agriculture and Natural Resources","ok"
"1262","Kasetsart Journal","ok"
"1263","Alzheimer's & dementia","ok"
"1264","Alzheimer's & dementia : the journal of the Alzheimer's Association","ok"
"1265","Conservation biology","ok"
"1266","Conservation biology : the journal of the Society for Conservation Biology","ok"
"1267","Ecological Applications","ok"
"1268","Ecological applications : a publication of the Ecological Society of America","ok"
"1269","Evolution","ok"
"1270","Evolution; international journal of organic evolution","ok"
"1271","Estudos do Quaternario","ok"
"1272","Quaternary Studies","ok"
"1273","Evolution Medicine and Public Health","ok"
"1274","Evolution, medicine, and public health","ok"
"1275","G3 - Genes Genomes Genetics","ok"
"1276","G3 (Bethesda, Md.)","ok"
"1277","G3-GENES GENOMES GENETICS","ok"
"1278","G3","ok"
"1279","Géologues","ok"
"1280","Geologues","ok"
"1281","Ichthyology & Herpetology","ok"
"1282","Copeia","ok"
"1283","Journal of Animal Ecology","ok"
"1284","The Journal of animal ecology","ok"
"1285","Journal of Applied Ecology","ok"
"1286","The Journal of applied ecology","ok"
"1287","Journal of Eukaryotic Microbiology","ok"
"1288","The Journal of eukaryotic microbiology","ok"
"1289","Journal of experimental zoology","ok"
"1290","Journal of experimental zoology. Part A, Ecological and integrative physiology","ok"
"1291","Journal of heredity","ok"
"1292","The Journal of heredity","ok"
"1293","Journal of the Royal Society Interface","ok"
"1294","Journal of the Royal Society, Interface","ok"
"1295","Journal of Vegetation Science","ok"
"1296","Journal of vegetation science : official organ of the International Association for Vegetation Science","ok"
"1297","Microbiology Resource Announcements","ok"
"1298","Genome Announcements","ok"
"1299","New Phytologist","ok"
"1300","The New phytologist","ok"
"1301","Ornithological Applications","ok"
"1302","The Condor","ok"
"1303","Ornithology","ok"
"1304","The Auk","ok"
"1305","Philosophical Transactions of the Royal Society B","ok"
"1306","Philosophical transactions of the Royal Society of London. Series B, Biological sciences","ok"
"1307","PHILOSOPHICAL TRANSACTIONS OF THE ROYAL SOCIETY B-BIOLOGICAL SCIENCES","ok"
"1308","Plant Ecology and Diversity","ok"
"1309","Botanical Journal of Scotland ","ok"
"1310","Proceedings of the Royal Society B - Biological Sciences","ok"
"1311","Proceedings. Biological sciences","ok"
"1312","PROCEEDINGS OF THE ROYAL SOCIETY B-BIOLOGICAL SCIENCES","ok"
"1313","Proceedings of the National Academy of Sciences of the USA","ok"
"1314","Proceedings of the National Academy of Sciences of the United States of America","ok"
"1315","Science","ok"
"1316","Science (New York, N.Y.)","ok"
"1317","The American Naturalist","ok"
"1318","American Naturalist","ok"
"1319","The Anatomical Record","ok"
"1320","The Anatomical Record: Advances in Integrative Anatomy and Evolutionary Biology","ok"
"1321","Anatomical record (Hoboken, N.J. : 2007)","ok"
"1322","Virologie","ok"
"1323","Virologie (Montrouge, France)","ok"
"1324","Acta Botanica Gallica","ok"
"1325","American Journal of Physical Anthropology","ok"
"1326","Folia Zoologica","ok"
"1327","Forktail","ok"
"1328","Genome Announcements","ok"
"1329","The Paleontological Society Papers","ok"
